period,state,residential_sales_mwh,residential_customers,residential_price_cents_kwh,temperature_f,eia_status
2010-01,TX,13226950.0,9426432,11.21,44.4,Final
2010-02,TX,10656540.0,9442046,11.34,44.0,Final
2010-03,TX,9557712.0,9491323,11.51,54.8,Final
2010-04,TX,7745987.0,9495461,12.12,65.0,Final
2010-05,TX,9338767.0,9498989,11.94,73.8,Final
2010-06,TX,13596012.0,9560217,11.85,82.7,Final
2010-07,TX,15285607.0,9613587,11.71,81.4,Final
2010-08,TX,16560190.0,9601026,11.7,84.4,Final
2010-09,TX,13939145.0,9593771,11.58,77.7,Final
2010-10,TX,9710773.0,9600717,11.62,67.2,Final
2010-11,TX,7623617.0,9578689,11.32,56.6,Final
2010-12,TX,9920101.0,9538951,11.24,49.2,Final
2011-01,TX,12088465.0,9537226,10.7,45.0,Final
2011-02,TX,11584010.0,9517330,10.65,48.7,Final
2011-03,TX,8617852.0,9587214,11.13,61.8,Final
2011-04,TX,8670985.0,9565314,11.16,70.3,Final
2011-05,TX,10221169.0,9611858,11.27,74.1,Final
2011-06,TX,14819563.0,9643741,11.25,85.2,Final
2011-07,TX,17285918.0,9632533,11.16,87.0,Final
2011-08,TX,18620657.0,9709848,11.15,88.2,Final
2011-09,TX,15104071.0,9683774,11.16,77.9,Final
2011-10,TX,10291559.0,9673150,11.23,66.9,Final
2011-11,TX,8100960.0,9635137,11.19,56.9,Final
2011-12,TX,10249018.0,9660630,10.89,46.1,Final
2012-01,TX,10866402.0,9678756,10.77,50.4,Final
2012-02,TX,9164531.0,9689796,11.05,51.8,Final
2012-03,TX,8584699.0,9744217,11.01,63.2,Final
2012-04,TX,8666929.0,9767384,11.02,70.2,Final
2012-05,TX,10826491.0,9817846,10.84,75.5,Final
2012-06,TX,13993383.0,9838845,10.97,82.4,Final
2012-07,TX,16050086.0,9867734,10.87,83.4,Final
2012-08,TX,16932276.0,9890825,10.96,83.7,Final
2012-09,TX,14009275.0,9790348,11.11,76.6,Final
2012-10,TX,10215875.0,9870427,11.16,65.9,Final
2012-11,TX,8519968.0,9825610,11.11,59.0,Final
2012-12,TX,9581718.0,9843432,10.99,51.1,Final
2013-01,TX,12077737.0,9909050,10.84,47.9,Final
2013-02,TX,9185497.9,9851200,11.05,51.7,Final
2013-03,TX,9077840.7,9886760,11.03,57.2,Final
2013-04,TX,8572437.1,9948659,11.43,63.0,Final
2013-05,TX,9588199.6,9958681,11.57,72.5,Final
2013-06,TX,13539863.0,9931425,11.44,81.8,Final
2013-07,TX,15670163.0,9993521,11.41,81.3,Final
2013-08,TX,16446018.0,10029833,11.45,83.3,Final
2013-09,TX,14795355.0,9991128,11.36,78.2,Final
2013-10,TX,10925087.0,10030619,11.68,66.7,Final
2013-11,TX,8493286.8,9933251,11.67,52.9,Final
2013-12,TX,11901122.0,9987357,11.27,44.8,Final
2014-01,TX,13580936.0,10096367,11.22,44.5,Final
2014-02,TX,11797374.0,10082939,11.25,48.4,Final
2014-03,TX,9811567.8,10134020,11.75,54.8,Final
2014-04,TX,8199586.4,10094064,12.06,65.4,Final
2014-05,TX,9345756.3,10102754,11.93,72.0,Final
2014-06,TX,12861137.0,10077384,12.17,80.6,Final
2014-07,TX,15087208.0,10163359,12.05,81.7,Final
2014-08,TX,15573035.0,10183263,12.05,82.6,Final
2014-09,TX,14647866.0,10200643,12.03,76.4,Final
2014-10,TX,10981723.0,10216731,12.07,69.6,Final
2014-11,TX,8813129.0,10099159,11.98,51.5,Final
2014-12,TX,10200425.0,10215771,11.81,50.7,Final
2015-01,TX,13243860.0,10236358,11.49,44.0,Final
2015-02,TX,10984753.0,10222635,11.62,48.2,Final
2015-03,TX,11122515.0,10292791,11.56,56.2,Final
2015-04,TX,8528280.9,10302930,12.1,66.6,Final
2015-05,TX,9523397.5,10288519,12.04,71.6,Final
2015-06,TX,12990159.0,10347811,11.78,79.3,Final
2015-07,TX,16701294.0,10343501,11.5,83.2,Final
2015-08,TX,17396111.0,10369597,11.43,83.3,Final
2015-09,TX,15031761.0,10351037,11.51,79.2,Final
2015-10,TX,11673440.0,10387765,11.35,69.2,Final
2015-11,TX,8391003.1,10303085,11.38,57.3,Final
2015-12,TX,10065340.0,10369964,11.19,51.5,Final
2016-01,TX,12089402.0,10415500,10.88,46.4,Final
2016-02,TX,10363055.0,10487116,10.99,54.4,Final
2016-03,TX,8743346.7,10500894,11.19,61.2,Final
2016-04,TX,8486355.6,10491523,11.26,66.1,Final
2016-05,TX,9964081.1,10520385,11.1,71.6,Final
2016-06,TX,13698760.0,10529597,10.95,80.1,Final
2016-07,TX,17614425.0,10491047,10.83,85.4,Final
2016-08,TX,17705208.0,10578202,10.91,81.5,Final
2016-09,TX,15412977.0,10556814,11.11,77.6,Final
2016-10,TX,12149443.0,10593131,11.02,70.9,Final
2016-11,TX,9207046.6,10528626,11.1,61.0,Final
2016-12,TX,10539081.0,10567938,10.85,49.6,Final
2017-01,TX,11943948.0,10736711,10.74,50.8,Final
2017-02,TX,9005668.3,10671415,11.16,58.4,Final
2017-03,TX,8964729.1,10795636,11.12,63.6,Final
2017-04,TX,9013567.2,10717328,11.09,67.1,Final
2017-05,TX,10703466.0,10855798,11.05,72.0,Final
2017-06,TX,14106725.0,10845046,11.03,80.6,Final
2017-07,TX,16887299.0,10804116,10.87,83.6,Final
2017-08,TX,17184478.0,10882647,10.95,80.6,Final
2017-09,TX,14378611.0,10821001,11.12,76.5,Final
2017-10,TX,12300938.0,10902252,11.09,66.5,Final
2017-11,TX,9133561.6,10849463,11.23,60.3,Final
2017-12,TX,10619140.0,10832439,10.89,47.8,Final
2018-01,TX,15416270.0,11046027,10.63,43.8,Final
2018-02,TX,11633360.0,11071113,10.87,52.3,Final
2018-03,TX,9378998.9,11139488,11.35,61.7,Final
2018-04,TX,8892011.5,11122835,11.39,63.0,Final
2018-05,TX,11342962.0,11146949,11.36,78.0,Final
2018-06,TX,16326572.0,11172393,11.2,83.9,Final
2018-07,TX,17815670.0,11159849,11.09,84.5,Final
2018-08,TX,18089039.0,11227623,11.27,83.0,Final
2018-09,TX,15340244.0,11143744,11.39,76.2,Final
2018-10,TX,12088302.0,11247799,11.5,65.4,Final
2018-11,TX,9676256.2,11137493,11.6,51.9,Final
2018-12,TX,11268228.0,11170064,11.0,48.3,Final
2019-01,TX,12710284.0,11336197,11.44,47.2,Final
2019-02,TX,10978517.0,11310225,11.6,51.9,Final
2019-03,TX,10607233.0,11364383,11.6,55.7,Final
2019-04,TX,8754025.8,11352760,12.0,65.0,Final
2019-05,TX,10893882.0,11330227,12.01,72.5,Final
2019-06,TX,14262684.0,11327570,11.8,79.1,Final
2019-07,TX,17095742.0,11364111,11.71,82.8,Final
2019-08,TX,18477631.0,11415487,11.76,85.9,Final
2019-09,TX,17124247.0,11399076,11.81,81.5,Final
2019-10,TX,13807144.0,11461778,11.81,65.2,Final
2019-11,TX,9793116.5,11331758,11.99,53.2,Final
2019-12,TX,10976835.0,11406049,11.71,50.7,Final
2020-01,TX,11461891.0,11253310,11.46,50.7,Final
2020-02,TX,11022836.0,11380770,11.72,49.4,Final
2020-03,TX,10123267.0,11480995,11.81,63.2,Final
2020-04,TX,9844398.4,11474456,12.04,65.1,Final
2020-05,TX,11739799.0,11464324,11.79,74.6,Final
2020-06,TX,15309392.0,11565409,11.76,80.7,Final
2020-07,TX,18866998.0,11593135,11.59,85.2,Final
2020-08,TX,18839830.0,11592571,11.5,84.4,Final
2020-09,TX,15945939.0,11583459,11.77,74.1,Final
2020-10,TX,11842657.0,11610335,11.85,65.9,Final
2020-11,TX,9631918.2,11551190,11.93,60.6,Final
2020-12,TX,11785893.0,11633892,11.59,48.5,Final
2021-01,TX,13395663.0,11689816,11.35,47.3,Final
2021-02,TX,11722645.0,11336403,12.69,44.0,Final
2021-03,TX,12105313.0,11814241,11.7,59.4,Final
2021-04,TX,9225574.7,11822660,12.08,63.7,Final
2021-05,TX,10486281.0,11857169,12.09,71.9,Final
2021-06,TX,14379217.0,11997731,12.04,80.3,Final
2021-07,TX,17237468.0,12021319,11.73,80.9,Final
2021-08,TX,18079317.0,12096865,11.94,81.9,Final
2021-09,TX,16581737.0,12075096,12.26,78.2,Final
2021-10,TX,12235322.0,11713063,12.54,69.8,Final
2021-11,TX,9391569.7,11589461,12.78,57.3,Final
2021-12,TX,10235028.0,11769117,12.56,59.1,Final
2022-01,TX,13227850.0,11924599,12.45,45.8,Final
2022-02,TX,13162486.0,12145008,12.48,45.8,Final
2022-03,TX,11516688.0,12010521,13.01,57.0,Final
2022-04,TX,10133091.0,11996708,13.29,68.8,Final
2022-05,TX,13439906.0,12030297,13.34,78.0,Final
2022-06,TX,17653237.0,12025116,13.49,83.8,Final
2022-07,TX,20742408.0,12052926,13.71,87.2,Final
2022-08,TX,19798831.0,12111359,14.12,83.4,Final
2022-09,TX,15999692.0,12098477,14.75,77.8,Final
2022-10,TX,12038373.0,12116332,14.94,66.4,Final
2022-11,TX,10252125.0,12138603,15.01,54.0,Final
2022-12,TX,12631773.0,12107704,14.49,50.0,Final
2023-01,TX,12993366.0,12176944,14.36,51.6,Final
2023-02,TX,11690349.0,12207679,14.72,52.1,Final
2023-03,TX,10512638.0,12233524,14.61,60.4,Final
2023-04,TX,9579895.6,12178259,14.36,64.7,Final
2023-05,TX,11490172.0,12238206,14.65,73.8,Final
2023-06,TX,15989221.0,12278460,14.35,82.3,Final
2023-07,TX,20557605.0,12290446,13.95,86.3,Final
2023-08,TX,22481421.0,12337105,14.17,87.5,Final
2023-09,TX,18996593.0,12291779,14.68,81.8,Final
2023-10,TX,13099635.0,12347746,14.89,68.4,Final
2023-11,TX,10148357.0,12257011,14.79,56.5,Final
2023-12,TX,11071623.0,12246929,14.64,51.8,Final
2024-01,TX,14427079.0,12376052,14.35,44.3,Final
2024-02,TX,11404460.0,12369297,14.48,56.2,Final
2024-03,TX,9450324.0,12407521,15.02,60.4,Final
2024-04,TX,9754682.9,12485426,15.13,67.9,Final
2024-05,TX,12784104.0,12534929,14.83,76.9,Final
2024-06,TX,17114451.0,12574017,14.55,83.2,Final
2024-07,TX,18865604.0,12636608,14.7,82.8,Final
2024-08,TX,19878284.0,12658469,14.88,85.8,Final
2024-09,TX,16336670.0,12637695,15.06,77.5,Final
2024-10,TX,13543100.0,12649326,15.67,72.8,Final
2024-11,TX,10425468.0,12586383,15.68,60.8,Final
2024-12,TX,11067517.0,12658594,15.36,54.2,Final
2025-01,TX,15011414.0,12584348,14.67,42.8,Preliminary
2025-02,TX,13166461.0,12546188,14.88,51.7,Preliminary
2025-03,TX,10896871.0,12699624,15.28,63.0,Preliminary
2025-04,TX,10523120.0,12649455,15.52,68.7,Preliminary
2025-05,TX,12973863.0,12652738,15.53,74.2,Preliminary
2025-06,TX,16429447.0,12703431,15.26,81.4,Preliminary
2025-07,TX,18974998.0,12736351,15.36,82.2,Preliminary
2025-08,TX,19413077.0,12751055,15.46,83.4,Preliminary
2025-09,TX,16829269.0,12857104,15.83,78.0,Preliminary
2025-10,TX,14076949.0,12914808,16.1,71.6,Preliminary
2025-11,TX,10403342.0,12786493,16.04,62.2,Preliminary
2025-12,TX,12163293.0,12886312,15.87,53.8,Preliminary
