metric,value
01_degree_days_after_aggregation,5.0
01_degree_days_before_aggregation,12.5
01_latest_available_period,6.0
01_naive_rmse,0.9441465273287225
01_weighted_temperature,60.0
02_aggregated_fitted_phi,0.5759550722198631
02_forecast_h4,1.9823291642258267
02_population_mean,1.9999999999999996
02_population_variance,1.9607843137254901
02_sample_mean,1.8428924482238176
02_sample_variance,2.194366115980367
02_variance_h4,1.8477489999999999
03_arma_forecast_h3,0.24036979968490754
03_conditional_phi,0.6
03_conditional_theta,0.4
03_innovation_mse,0.9393164158552403
03_invertible_ma_equivalent,-5.551115123125783e-17
03_sample_acf1,0.7677482969371812
03_sample_pacf1,0.7687412037895566
03_sample_pacf2,-0.27169038278001306
03_theoretical_ma1_acf,0.3448275862068965
04_ar_rmse_h4,1.5299832095307793
04_asymmetric_optimal_quantile,0.75
04_forecast_error_ljung_box8,224.01806700789814
04_known_parameter_interval_coverage,0.9367088607594937
04_known_parameter_variance,2.3117440000000005
04_loss_difference,-0.7568042992934124
04_naive_rmse_h4,1.7600150342367864
05_centered_future_sensitivity,40.0
05_noise_variance,1.0054360435633558
05_one_sided_future_sensitivity,0.0
05_one_sided_signal_rmse,0.930902141211344
05_raw_signal_rmse,1.0029839652668193
06_adf_statistic_lag2,-2.273341413702269
06_arima010_drift_forecast_h3,-2.5895833780098654
06_df_adf_zero_lag_error,0.0
06_df_mcse_n240,0.012995191418367026
06_df_mcse_n720,0.012995191418367026
06_df_mcse_n80,0.01804161855266872
06_df_rejection_n240,0.035
06_df_rejection_n720,0.035
06_df_rejection_n80,0.07
06_df_statistic,-1.9893179320693772
06_differenced_r2,0.003532613113145233
06_random_walk_h12_variance,12.0
06_spurious_level_r2,0.00133249015028436
07_cold_scenario_level,109.73772433058713
07_estimated_error_phi,0.6200360013257696
07_gls_cooling,1.241749269737109
07_gls_heating,0.7809849106904377
07_gls_innovation_acf1,-0.024513233721997506
07_hot_scenario_level,116.6491897162872
07_ols_heating,0.7993904511587165
08_filter_future_sensitivity,0.0
08_filter_rmse,0.561875825326792
08_gaussian_log_likelihood,-589.9518046185455
08_minimum_smoothing_variance,0.24850108898385825
08_missing_filtered_variance,0.44801590432112587
08_previous_filtered_variance,0.3093998505017591
08_smoother_future_sensitivity,3.0678393826669152
08_smoother_rmse,0.49647050751445077
09_estimated_a12,0.0890052953745104
09_estimated_a21,0.1026585287265703
09_forecast_covariance_h4_trace,3.56588709706647
09_forecast_sum_variance_h4,6.133777166106967
09_network_forecast_first,-0.31535015850546466
09_residual_covariance12,0.7253693476314196
09_spectral_radius,0.7001123903713338
09_var_forecast_first,-0.31266518531564336
10_covariance_reconstruction_error,0.0
10_first_order_impact21,0.7395700944481702
10_response_h4,0.11553335138916315
10_reverse_order_impact21,0.0
10_rotated_impact21,1.0405604418732222
11_cointegrating_beta,1.5028072015795224
11_ecm_forecast_change,0.07790072857932548
11_ecm_innovation_acf1,0.009750902475821091
11_error_correction_alpha,-0.5060452389006743
11_short_run_dx,1.5262151615480881
11_spread_ar_phi,0.49114049602100807
11_spread_variance,0.22209385647699265
12_alpha_grid,0.1
12_beta_grid,0.7
12_conditional_q05,-1.764238505760048
12_invalid_parameter_rejected,1.0
12_omega_grid,0.2
12_qll_objective,0.9165135483734235
12_squared_return_acf1,0.15055711267165728
12_squared_standardized_acf1,0.012474204804787633
12_unconditional_variance,1.0000000000000002
12_unit_scaling_error,8.881784197001252e-16
12_variance_forecast_h5,1.0616159992118168
13_block_standard_error,0.20170950595387924
13_early_fitted_phi,0.7760122073225734
13_expanding_rmse,1.4297674031269956
13_hac_standard_error,0.20419393596075872
13_late_fitted_phi,-0.3721131623437213
13_paired_mean_loss_difference,-0.9320489121948837
13_rolling_rmse,1.0546022543355524
14_continuation_naive_rmse,1.03901795449986
14_continuation_observations,80.0
14_continuation_rmse,1.0220891419487514
14_future_targets_excluded,1.0
14_validation_rmse,0.8588981892784765
14_validation_selected_window,160.0
15_ar_zero_error_variance_h12,1.0
15_forecast_original_units,8.36564043791773
15_forecast_rescaled_error,5.329070518200751e-15
15_future_mutation_forecast_error,0.0
15_random_walk_error_variance_h1,1.0
15_random_walk_error_variance_h12,12.0
15_rank_failure_detected,1.0
