origin,target,latest_available,method,window,actual_million_mwh,forecast_million_mwh,error,fallback,phase
2019-12,2020-01,2019-10,naive,0,11.461891,12.710284,-1.248393,0,build
2020-01,2020-02,2019-11,naive,0,11.022836,10.978517,0.044318999999999775,0,build
2020-02,2020-03,2019-12,naive,0,10.123267,10.607233,-0.48396600000000056,0,build
2020-03,2020-04,2020-01,naive,0,9.844398400000001,8.7540258,1.0903726000000002,0,build
2020-04,2020-05,2020-02,naive,0,11.739799,10.893882,0.845917,0,build
2020-05,2020-06,2020-03,naive,0,15.309392,14.262684,1.0467080000000006,0,build
2020-06,2020-07,2020-04,naive,0,18.866998,17.095742,1.7712559999999975,0,build
2020-07,2020-08,2020-05,naive,0,18.83983,18.477631,0.3621990000000004,0,build
2020-08,2020-09,2020-06,naive,0,15.945939,17.124247,-1.1783080000000012,0,build
2020-09,2020-10,2020-07,naive,0,11.842657,13.807144,-1.9644869999999983,0,build
2020-10,2020-11,2020-08,naive,0,9.6319182,9.7931165,-0.16119830000000057,0,build
2020-11,2020-12,2020-09,naive,0,11.785893,10.976835,0.8090580000000003,0,build
2020-12,2021-01,2020-10,naive,0,13.395663,11.461891,1.9337720000000012,0,build
2021-01,2021-02,2020-11,naive,0,11.722645,11.022836,0.6998090000000001,0,build
2021-02,2021-03,2020-12,naive,0,12.105313,10.123267,1.9820460000000004,0,build
2021-03,2021-04,2021-01,naive,0,9.2255747,9.844398400000001,-0.6188237000000019,0,build
2021-04,2021-05,2021-02,naive,0,10.486281,11.739799,-1.2535179999999997,0,build
2021-05,2021-06,2021-03,naive,0,14.379217,15.309392,-0.9301750000000002,0,build
2021-06,2021-07,2021-04,naive,0,17.237468,18.866998,-1.629529999999999,0,build
2021-07,2021-08,2021-05,naive,0,18.079317,18.83983,-0.7605129999999996,0,build
2021-08,2021-09,2021-06,naive,0,16.581737,15.945939,0.6357980000000012,0,build
2021-09,2021-10,2021-07,naive,0,12.235322,11.842657,0.39266499999999915,0,build
2021-10,2021-11,2021-08,naive,0,9.3915697,9.6319182,-0.24034849999999963,0,build
2021-11,2021-12,2021-09,naive,0,10.235028,11.785893,-1.550865,0,build
2021-12,2022-01,2021-10,naive,0,13.22785,13.395663,-0.16781300000000066,0,build
2022-01,2022-02,2021-11,naive,0,13.162486,11.722645,1.4398409999999995,0,build
2022-02,2022-03,2021-12,naive,0,11.516688,12.105313,-0.5886250000000004,0,build
2022-03,2022-04,2022-01,naive,0,10.133091,9.2255747,0.907516300000001,0,build
2022-04,2022-05,2022-02,naive,0,13.439906,10.486281,2.9536250000000006,0,build
2022-05,2022-06,2022-03,naive,0,17.653237,14.379217,3.27402,0,build
2022-06,2022-07,2022-04,naive,0,20.742408,17.237468,3.5049400000000013,0,build
2022-07,2022-08,2022-05,naive,0,19.798831,18.079317,1.7195140000000002,0,build
2022-08,2022-09,2022-06,naive,0,15.999692,16.581737,-0.5820450000000008,0,build
2022-09,2022-10,2022-07,naive,0,12.038373,12.235322,-0.19694900000000004,0,build
2022-10,2022-11,2022-08,naive,0,10.252125,9.3915697,0.8605552999999997,0,build
2022-11,2022-12,2022-09,naive,0,12.631773,10.235028,2.396745000000001,0,build
2019-12,2020-01,2019-10,ar,0,11.461891,12.644995116333732,-1.1831041163337321,0,build
2020-01,2020-02,2019-11,ar,0,11.022836,11.339737235625854,-0.3169012356258545,0,build
2020-02,2020-03,2019-12,ar,0,10.123267,11.71212251223459,-1.5888555122345895,0,build
2020-03,2020-04,2020-01,ar,0,9.844398400000001,11.862691795408239,-2.0182933954082376,0,build
2020-04,2020-05,2020-02,ar,0,11.739799,11.717278768345269,0.02252023165473105,0,build
2020-05,2020-06,2020-03,ar,0,15.309392,11.417994269505753,3.8913977304942478,0,build
2020-06,2020-07,2020-04,ar,0,18.866998,11.312167817293643,7.554830182706356,0,build
2020-07,2020-08,2020-05,ar,0,18.83983,11.919923314690793,6.919906685309206,0,build
2020-08,2020-09,2020-06,ar,0,15.945939,13.066682341137994,2.8792566588620048,0,build
2020-09,2020-10,2020-07,ar,0,11.842657,14.357656115440998,-2.5149991154409967,0,build
2020-10,2020-11,2020-08,ar,0,9.6319182,14.502603695192846,-4.870685495192847,0,build
2020-11,2020-12,2020-09,ar,0,11.785893,13.472463976758975,-1.6865709767589756,0,build
2020-12,2021-01,2020-10,ar,0,13.395663,12.059118527999313,1.3365444720006874,0,build
2021-01,2021-02,2020-11,ar,0,11.722645,11.31023308401933,0.4124119159806696,0,build
2021-02,2021-03,2020-12,ar,0,12.105313,12.026481647980034,0.07883135201996616,0,build
2021-03,2021-04,2021-01,ar,0,9.2255747,12.560712571761517,-3.3351378717615177,0,build
2021-04,2021-05,2021-02,ar,0,10.486281,12.01120631466425,-1.5249253146642499,0,build
2021-05,2021-06,2021-03,ar,0,14.379217,12.13564357339831,2.2435734266016905,0,build
2021-06,2021-07,2021-04,ar,0,17.237468,11.182874440514308,6.054593559485692,0,build
2021-07,2021-08,2021-05,ar,0,18.079317,11.58729714334569,6.492019856654309,0,build
2021-08,2021-09,2021-06,ar,0,16.581737,12.847354413420444,3.7343825865795566,0,build
2021-09,2021-10,2021-07,ar,0,12.235322,13.827059020360396,-1.5917370203603962,0,build
2021-10,2021-11,2021-08,ar,0,9.3915697,14.212796149897072,-4.821226449897072,0,build
2021-11,2021-12,2021-09,ar,0,10.235028,13.730916945627893,-3.495888945627893,0,build
2021-12,2022-01,2021-10,ar,0,13.22785,12.241809834519492,0.9860401654805084,0,build
2022-01,2022-02,2021-11,ar,0,13.162486,11.294610707204091,1.8678752927959081,0,build
2022-02,2022-03,2021-12,ar,0,11.516688,11.561876122643776,-0.045188122643775586,0,build
2022-03,2022-04,2022-01,ar,0,10.133091,12.544257429510772,-2.4111664295107715,0,build
2022-04,2022-05,2022-02,ar,0,13.439906,12.527785211452155,0.9121207885478455,0,build
2022-05,2022-06,2022-03,ar,0,17.653237,11.99327856101704,5.659958438982962,0,build
2022-06,2022-07,2022-04,ar,0,20.742408,11.535561109557014,9.206846890442987,0,build
2022-07,2022-08,2022-05,ar,0,19.798831,12.602825717216726,7.196005282783274,0,build
2022-08,2022-09,2022-06,ar,0,15.999692,13.995736077011676,2.0039559229883235,0,build
2022-09,2022-10,2022-07,ar,0,12.038373,15.262930288640467,-3.224557288640467,0,build
2022-10,2022-11,2022-08,ar,0,10.252125,15.067188125942044,-4.815063125942045,0,build
2022-11,2022-12,2022-09,ar,0,12.631773,13.653940464283558,-1.022167464283557,0,build
2022-12,2023-01,2022-10,ar,0,12.993366,12.263148409987572,0.7302175900124279,0,audit
2023-01,2023-02,2022-11,ar,0,11.690349,11.642852710881733,0.04749628911826598,0,audit
2023-02,2023-03,2022-12,ar,0,10.512638,12.456903982573495,-1.9442659825734943,0,audit
2023-03,2023-04,2023-01,ar,0,9.5798956,12.581954345245057,-3.0020587452450567,0,audit
2023-04,2023-05,2023-02,ar,0,11.490172,12.13865058219546,-0.6484785821954606,0,audit
2023-05,2023-06,2023-03,ar,0,15.989221,11.731487970609178,4.257733029390822,0,audit
2023-06,2023-07,2023-04,ar,0,20.557605,11.396712215355826,9.160892784644172,0,audit
2023-07,2023-08,2023-05,ar,0,22.481421,12.047390131602086,10.434030868397915,0,audit
2023-08,2023-09,2023-06,ar,0,18.996593,13.571549553504601,5.425043446495399,0,audit
2023-09,2023-10,2023-07,ar,0,13.099635,15.294800729001478,-2.195165729001479,0,audit
2023-10,2023-11,2023-08,ar,0,10.148357,16.356580707307973,-6.2082237073079725,0,audit
2023-11,2023-12,2023-09,ar,0,11.071623,14.981777990891786,-3.910154990891785,0,audit
2023-12,2024-01,2023-10,ar,0,14.427079,12.722532679696162,1.7045463203038391,0,audit
2024-01,2024-02,2023-11,ar,0,11.40446,11.6610671662937,-0.2566071662936995,0,audit
2024-02,2024-03,2023-12,ar,0,9.450324,11.985156265254776,-2.534832265254776,0,audit
2024-03,2024-04,2024-01,ar,0,9.7546829,13.179260999098947,-3.4245780990989463,0,audit
2024-04,2024-05,2024-02,ar,0,12.784104,12.11539474583027,0.6687092541697286,0,audit
2024-05,2024-06,2024-03,ar,0,17.114451,11.417167415395092,5.697283584604907,0,audit
2024-06,2024-07,2024-04,ar,0,18.865604,11.50920378203767,7.356400217962332,0,audit
2024-07,2024-08,2024-05,ar,0,19.878284,12.573929362244037,7.304354637755964,0,audit
2024-08,2024-09,2024-06,ar,0,16.33667,14.096882144970293,2.239787855029709,0,audit
2024-09,2024-10,2024-07,ar,0,13.5431,14.80562189280589,-1.2625218928058892,0,audit
2024-10,2024-11,2024-08,ar,0,10.425468,15.307004477327686,-4.8815364773276855,0,audit
2024-11,2024-12,2024-09,ar,0,11.067517,13.960475385275537,-2.892958385275536,0,audit
2022-12,2023-01,2022-10,calendar,60,12.993366,13.080555177743951,-0.08718917774395152,0,repair-selection
2023-01,2023-02,2022-11,calendar,60,11.690349,12.822813430374337,-1.1324644303743376,0,repair-selection
2023-02,2023-03,2022-12,calendar,60,10.512638,11.21916764634574,-0.7065296463457393,0,repair-selection
2023-03,2023-04,2023-01,calendar,60,9.5798956,10.50370843785656,-0.9238128378565591,0,repair-selection
2023-04,2023-05,2023-02,calendar,60,11.490172,12.1647242975195,-0.6745522975195009,0,repair-selection
2023-05,2023-06,2023-03,calendar,60,15.989221,16.00805570813506,-0.01883470813505994,0,repair-selection
2023-06,2023-07,2023-04,calendar,60,20.557605,19.260098874627065,1.2975061253729336,0,repair-selection
2023-07,2023-08,2023-05,calendar,60,22.481421,19.464602850789813,3.016818149210188,0,repair-selection
2023-08,2023-09,2023-06,calendar,60,18.996593,16.634082418929104,2.3625105810708966,0,repair-selection
2023-09,2023-10,2023-07,calendar,60,13.099635,13.019230098810786,0.08040490118921362,0,repair-selection
2023-10,2023-11,2023-08,calendar,60,10.148357,11.488922264449755,-1.3405652644497543,0,repair-selection
2023-11,2023-12,2023-09,calendar,60,11.071623,12.253804607485684,-1.182181607485683,0,repair-selection
2023-12,2024-01,2023-10,calendar,60,14.427079,13.422048635912827,1.0050303640871743,0,repair-selection
2024-01,2024-02,2023-11,calendar,60,11.40446,13.206165073701614,-1.8017050737016138,0,repair-selection
2024-02,2024-03,2023-12,calendar,60,9.450324,11.66450522165729,-2.21418122165729,0,repair-selection
2024-03,2024-04,2024-01,calendar,60,9.7546829,10.94161745375462,-1.1869345537546199,0,repair-selection
2024-04,2024-05,2024-02,calendar,60,12.784104,12.245286107834488,0.5388178921655111,0,repair-selection
2024-05,2024-06,2024-03,calendar,60,17.114451,16.241051062272334,0.8733999377276653,0,repair-selection
2024-06,2024-07,2024-04,calendar,60,18.865604,20.019024955893258,-1.1534209558932567,0,repair-selection
2024-07,2024-08,2024-05,calendar,60,19.878284,20.54872386200202,-0.67043986200202,0,repair-selection
2024-08,2024-09,2024-06,calendar,60,16.33667,17.413636163891674,-1.0769661638916723,0,repair-selection
2024-09,2024-10,2024-07,calendar,60,13.5431,13.092391491498622,0.45070850850137845,0,repair-selection
2024-10,2024-11,2024-08,calendar,60,10.425468,11.109830129544708,-0.6843621295447075,0,repair-selection
2024-11,2024-12,2024-09,calendar,60,11.067517,11.816098465320032,-0.7485814653200311,0,repair-selection
2022-12,2023-01,2022-10,calendar,120,12.993366,13.277085666584329,-0.2837196665843287,0,repair-selection
2023-01,2023-02,2022-11,calendar,120,11.690349,12.996050459445435,-1.3057014594454355,0,repair-selection
2023-02,2023-03,2022-12,calendar,120,10.512638,11.329225588136689,-0.816587588136688,0,repair-selection
2023-03,2023-04,2023-01,calendar,120,9.5798956,10.290961637388929,-0.7110660373889282,0,repair-selection
2023-04,2023-05,2023-02,calendar,120,11.490172,11.760192958765831,-0.27002095876583176,0,repair-selection
2023-05,2023-06,2023-03,calendar,120,15.989221,15.543935255125005,0.4452857448749956,0,repair-selection
2023-06,2023-07,2023-04,calendar,120,20.557605,18.870740995528383,1.6868640044716159,0,repair-selection
2023-07,2023-08,2023-05,calendar,120,22.481421,19.16303781855588,3.3183831814441227,0,repair-selection
2023-08,2023-09,2023-06,calendar,120,18.996593,16.376936090751908,2.619656909248093,0,repair-selection
2023-09,2023-10,2023-07,calendar,120,13.099635,12.916786370653211,0.18284862934678792,0,repair-selection
2023-10,2023-11,2023-08,calendar,120,10.148357,11.507290710971903,-1.3589337109719022,0,repair-selection
2023-11,2023-12,2023-09,calendar,120,11.071623,12.415429799254762,-1.3438067992547609,0,repair-selection
2023-12,2024-01,2023-10,calendar,120,14.427079,13.6130188488353,0.8140601511647017,0,repair-selection
2024-01,2024-02,2023-11,calendar,120,11.40446,13.24413347437276,-1.8396734743727592,0,repair-selection
2024-02,2024-03,2023-12,calendar,120,9.450324,11.546153317871177,-2.0958293178711767,0,repair-selection
2024-03,2024-04,2024-01,calendar,120,9.7546829,10.64269812774427,-0.888015227744269,0,repair-selection
2024-04,2024-05,2024-02,calendar,120,12.784104,12.145503547872071,0.6386004521279283,0,repair-selection
2024-05,2024-06,2024-03,calendar,120,17.114451,16.037349373094223,1.077101626905776,0,repair-selection
2024-06,2024-07,2024-04,calendar,120,18.865604,19.561588340486203,-0.6959843404862021,0,repair-selection
2024-07,2024-08,2024-05,calendar,120,19.878284,19.952688120475916,-0.07440412047591494,0,repair-selection
2024-08,2024-09,2024-06,calendar,120,16.33667,17.041301926325204,-0.7046319263252023,0,repair-selection
2024-09,2024-10,2024-07,calendar,120,13.5431,13.241019467497972,0.3020805325020284,0,repair-selection
2024-10,2024-11,2024-08,calendar,120,10.425468,11.500777188348605,-1.075309188348605,0,repair-selection
2024-11,2024-12,2024-09,calendar,120,11.067517,12.215688151415348,-1.1481711514153474,0,repair-selection
2022-12,2023-01,2022-10,calendar,0,12.993366,13.075421634593678,-0.0820556345936776,0,repair-selection
2023-01,2023-02,2022-11,calendar,0,11.690349,12.814030264621007,-1.1236812646210073,0,repair-selection
2023-02,2023-03,2022-12,calendar,0,10.512638,11.138880981649702,-0.6262429816497015,0,repair-selection
2023-03,2023-04,2023-01,calendar,0,9.5798956,10.060074025366161,-0.4801784253661605,0,repair-selection
2023-04,2023-05,2023-02,calendar,0,11.490172,11.631870564297193,-0.14169856429719374,0,repair-selection
2023-05,2023-06,2023-03,calendar,0,15.989221,15.467537902599524,0.5216830974004765,0,repair-selection
2023-06,2023-07,2023-04,calendar,0,20.557605,18.757104306169307,1.800500693830692,0,repair-selection
2023-07,2023-08,2023-05,calendar,0,22.481421,18.963103564015334,3.5183174359846667,0,repair-selection
2023-08,2023-09,2023-06,calendar,0,18.996593,16.08001370818068,2.916579291819321,0,repair-selection
2023-09,2023-10,2023-07,calendar,0,13.099635,12.619051032544325,0.480583967455674,0,repair-selection
2023-10,2023-11,2023-08,calendar,0,10.148357,11.239284222462965,-1.0909272224629643,0,repair-selection
2023-11,2023-12,2023-09,calendar,0,11.071623,12.169777888588557,-1.0981548885885566,0,repair-selection
2023-12,2024-01,2023-10,calendar,0,14.427079,13.39248387194619,1.0345951280538106,0,repair-selection
2024-01,2024-02,2023-11,calendar,0,11.40446,13.066583848553922,-1.6621238485539216,0,repair-selection
2024-02,2024-03,2023-12,calendar,0,9.450324,11.300671580533804,-1.8503475805338034,0,repair-selection
2024-03,2024-04,2024-01,calendar,0,9.7546829,10.340596500311174,-0.5859136003111729,0,repair-selection
2024-04,2024-05,2024-02,calendar,0,12.784104,11.834068468198685,0.9500355318013138,0,repair-selection
2024-05,2024-06,2024-03,calendar,0,17.114451,15.717368371229274,1.3970826287707254,0,repair-selection
2024-06,2024-07,2024-04,calendar,0,18.865604,19.182585229722132,-0.3169812297221313,0,repair-selection
2024-07,2024-08,2024-05,calendar,0,19.878284,19.49492227465563,0.38336172534437196,0,repair-selection
2024-08,2024-09,2024-06,calendar,0,16.33667,16.56369002230782,-0.22702002230781915,0,repair-selection
2024-09,2024-10,2024-07,calendar,0,13.5431,12.865421340471507,0.6776786595284943,0,repair-selection
2024-10,2024-11,2024-08,calendar,0,10.425468,11.329073251743557,-0.9036052517435564,0,repair-selection
2024-11,2024-12,2024-09,calendar,0,11.067517,12.15382939864405,-1.0863123986440488,0,repair-selection
2022-12,2023-01,2022-10,weather,60,12.993366,12.756617550768654,0.23674844923134586,0,repair-selection
2023-01,2023-02,2022-11,weather,60,11.690349,11.804043789376305,-0.1136947893763054,0,repair-selection
2023-02,2023-03,2022-12,weather,60,10.512638,10.09835937918053,0.41427862081947,0,repair-selection
2023-03,2023-04,2023-01,weather,60,9.5798956,9.892482191960875,-0.31258659196087457,0,repair-selection
2023-04,2023-05,2023-02,weather,60,11.490172,13.81734381508538,-2.3271718150853804,0,repair-selection
2023-05,2023-06,2023-03,weather,60,15.989221,16.8659756382594,-0.8767546382593991,0,repair-selection
2023-06,2023-07,2023-04,weather,60,20.557605,18.39868652141988,2.1589184785801194,0,repair-selection
2023-07,2023-08,2023-05,weather,60,22.481421,18.530374024443322,3.951046975556679,0,repair-selection
2023-08,2023-09,2023-06,weather,60,18.996593,16.229509017408667,2.767083982591334,0,repair-selection
2023-09,2023-10,2023-07,weather,60,13.099635,11.734791539590573,1.3648434604094266,0,repair-selection
2023-10,2023-11,2023-08,weather,60,10.148357,12.137426460688767,-1.989069460688766,0,repair-selection
2023-11,2023-12,2023-09,weather,60,11.071623,12.62919619198813,-1.55757319198813,0,repair-selection
2023-12,2024-01,2023-10,weather,60,14.427079,12.712714211035559,1.714364788964442,0,repair-selection
2024-01,2024-02,2023-11,weather,60,11.40446,11.921971901310787,-0.5175119013107867,0,repair-selection
2024-02,2024-03,2023-12,weather,60,9.450324,10.35260888784579,-0.9022848878457896,0,repair-selection
2024-03,2024-04,2024-01,weather,60,9.7546829,9.742804911834256,0.011877988165744924,0,repair-selection
2024-04,2024-05,2024-02,weather,60,12.784104,13.466071105017193,-0.6819671050171934,0,repair-selection
2024-05,2024-06,2024-03,weather,60,17.114451,16.879451727979642,0.23499927202035664,0,repair-selection
2024-06,2024-07,2024-04,weather,60,18.865604,18.75995773187693,0.10564626812307054,0,repair-selection
2024-07,2024-08,2024-05,weather,60,19.878284,19.2411502334774,0.6371337665226022,0,repair-selection
2024-08,2024-09,2024-06,weather,60,16.33667,16.91447482823677,-0.5778048282367685,0,repair-selection
2024-09,2024-10,2024-07,weather,60,13.5431,11.876022492053801,1.6670775079461997,0,repair-selection
2024-10,2024-11,2024-08,weather,60,10.425468,11.926832994405324,-1.5013649944053231,0,repair-selection
2024-11,2024-12,2024-09,weather,60,11.067517,12.323176848695775,-1.2556598486957746,0,repair-selection
2022-12,2023-01,2022-10,weather,120,12.993366,13.011624599197942,-0.01825859919794226,0,repair-selection
2023-01,2023-02,2022-11,weather,120,11.690349,12.00287225013831,-0.3125232501383106,0,repair-selection
2023-02,2023-03,2022-12,weather,120,10.512638,10.446616901725482,0.06602109827451841,0,repair-selection
2023-03,2023-04,2023-01,weather,120,9.5798956,9.819493315072151,-0.23959771507215066,0,repair-selection
2023-04,2023-05,2023-02,weather,120,11.490172,12.981045209668325,-1.490873209668326,0,repair-selection
2023-05,2023-06,2023-03,weather,120,15.989221,16.519704777600765,-0.5304837776007645,0,repair-selection
2023-06,2023-07,2023-04,weather,120,20.557605,18.04127904747056,2.5163259525294386,0,repair-selection
2023-07,2023-08,2023-05,weather,120,22.481421,18.20798468454284,4.273436315457161,0,repair-selection
2023-08,2023-09,2023-06,weather,120,18.996593,16.212489855373562,2.784103144626439,0,repair-selection
2023-09,2023-10,2023-07,weather,120,13.099635,12.077252322189272,1.022382677810727,0,repair-selection
2023-10,2023-11,2023-08,weather,120,10.148357,12.249182731924662,-2.1008257319246617,0,repair-selection
2023-11,2023-12,2023-09,weather,120,11.071623,13.031843608493801,-1.9602206084938008,0,repair-selection
2023-12,2024-01,2023-10,weather,120,14.427079,13.17239598949567,1.2546830105043316,0,repair-selection
2024-01,2024-02,2023-11,weather,120,11.40446,12.205918974046629,-0.8014589740466285,0,repair-selection
2024-02,2024-03,2023-12,weather,120,9.450324,10.536642548436909,-1.0863185484369087,0,repair-selection
2024-03,2024-04,2024-01,weather,120,9.7546829,9.886412292217015,-0.1317293922170144,0,repair-selection
2024-04,2024-05,2024-02,weather,120,12.784104,13.258053565899067,-0.47394956589906734,0,repair-selection
2024-05,2024-06,2024-03,weather,120,17.114451,16.83733581422188,0.27711518577811844,0,repair-selection
2024-06,2024-07,2024-04,weather,120,18.865604,18.595014055204377,0.27058994479562415,0,repair-selection
2024-07,2024-08,2024-05,weather,120,19.878284,18.739813443920678,1.138470556079323,0,repair-selection
2024-08,2024-09,2024-06,weather,120,16.33667,16.678190526633067,-0.3415205266330652,0,repair-selection
2024-09,2024-10,2024-07,weather,120,13.5431,12.299166890344612,1.243933109655389,0,repair-selection
2024-10,2024-11,2024-08,weather,120,10.425468,12.250688267722692,-1.8252202677226919,0,repair-selection
2024-11,2024-12,2024-09,weather,120,11.067517,12.917631326081628,-1.850114326081627,0,repair-selection
2022-12,2023-01,2022-10,weather,0,12.993366,13.001920980254166,-0.008554980254166011,0,repair-selection
2023-01,2023-02,2022-11,weather,0,11.690349,12.071003804481323,-0.38065480448132405,0,repair-selection
2023-02,2023-03,2022-12,weather,0,10.512638,10.371285145461702,0.14135285453829916,0,repair-selection
2023-03,2023-04,2023-01,weather,0,9.5798956,9.970884177590396,-0.3909885775903952,0,repair-selection
2023-04,2023-05,2023-02,weather,0,11.490172,12.999554320824323,-1.509382320824324,0,repair-selection
2023-05,2023-06,2023-03,weather,0,15.989221,16.679566222964052,-0.6903452229640514,0,repair-selection
2023-06,2023-07,2023-04,weather,0,20.557605,17.95080992334551,2.606795076654489,0,repair-selection
2023-07,2023-08,2023-05,weather,0,22.481421,18.35893768655449,4.12248331344551,0,repair-selection
2023-08,2023-09,2023-06,weather,0,18.996593,16.12026272721054,2.8763302727894597,0,repair-selection
2023-09,2023-10,2023-07,weather,0,13.099635,11.931282577472624,1.1683524225273754,0,repair-selection
2023-10,2023-11,2023-08,weather,0,10.148357,12.232054815154665,-2.0836978151546646,0,repair-selection
2023-11,2023-12,2023-09,weather,0,11.071623,13.095952758191103,-2.0243297581911026,0,repair-selection
2023-12,2024-01,2023-10,weather,0,14.427079,13.168755289639993,1.258323710360008,0,repair-selection
2024-01,2024-02,2023-11,weather,0,11.40446,12.267369789096023,-0.8629097890960225,0,repair-selection
2024-02,2024-03,2023-12,weather,0,9.450324,10.534712549263936,-1.0843885492639362,0,repair-selection
2024-03,2024-04,2024-01,weather,0,9.7546829,10.039156323430738,-0.2844734234307378,0,repair-selection
2024-04,2024-05,2024-02,weather,0,12.784104,13.160203685267106,-0.376099685267107,0,repair-selection
2024-05,2024-06,2024-03,weather,0,17.114451,16.918677388462875,0.19577361153712403,0,repair-selection
2024-06,2024-07,2024-04,weather,0,18.865604,18.254495302731524,0.6111086972684774,0,repair-selection
2024-07,2024-08,2024-05,weather,0,19.878284,18.73307999391391,1.1452040060860895,0,repair-selection
2024-08,2024-09,2024-06,weather,0,16.33667,16.47675416094115,-0.14008416094115006,0,repair-selection
2024-09,2024-10,2024-07,weather,0,13.5431,12.073067522593444,1.4700324774065567,0,repair-selection
2024-10,2024-11,2024-08,weather,0,10.425468,12.32091121638014,-1.895443216380139,0,repair-selection
2024-11,2024-12,2024-09,weather,0,11.067517,13.151872235026135,-2.084355235026134,0,repair-selection
2024-12,2025-01,2024-10,calendar,60,15.011414,13.4098472849597,1.6015667150403008,0,continuation
2025-01,2025-02,2024-11,calendar,60,13.166461,13.069451508584796,0.09700949141520354,0,continuation
2025-02,2025-03,2024-12,calendar,60,10.896871,11.364484833888872,-0.4676138338888709,0,continuation
2025-03,2025-04,2025-01,calendar,60,10.52312,10.66144355114014,-0.1383235511401395,0,continuation
2025-04,2025-05,2025-02,calendar,60,12.973863,12.426035253952435,0.5478277460475649,0,continuation
2025-05,2025-06,2025-03,calendar,60,16.429447,16.679828848584624,-0.25038184858462387,0,continuation
2025-06,2025-07,2025-04,calendar,60,18.974998,20.42927731148726,-1.4542793114872623,0,continuation
2025-07,2025-08,2025-05,calendar,60,19.413077,20.67132488290854,-1.2582478829085382,0,continuation
2025-08,2025-09,2025-06,calendar,60,16.829269,17.206768645638487,-0.3774996456384869,0,continuation
2025-09,2025-10,2025-07,calendar,60,14.076949,12.979489383772972,1.0974596162270291,0,continuation
2025-10,2025-11,2025-08,calendar,60,10.403342,11.104958376280017,-0.7016163762800165,0,continuation
2025-11,2025-12,2025-09,calendar,60,12.163293,12.044382407408525,0.11891059259147418,0,continuation
2024-12,2025-01,2024-10,naive,0,15.011414,14.427079,0.5843349999999994,0,continuation
2025-01,2025-02,2024-11,naive,0,13.166461,11.40446,1.7620009999999997,0,continuation
2025-02,2025-03,2024-12,naive,0,10.896871,9.450324,1.4465470000000007,0,continuation
2025-03,2025-04,2025-01,naive,0,10.52312,9.7546829,0.7684370999999999,0,continuation
2025-04,2025-05,2025-02,naive,0,12.973863,12.784104,0.18975900000000046,0,continuation
2025-05,2025-06,2025-03,naive,0,16.429447,17.114451,-0.6850039999999993,0,continuation
2025-06,2025-07,2025-04,naive,0,18.974998,18.865604,0.10939399999999821,0,continuation
2025-07,2025-08,2025-05,naive,0,19.413077,19.878284,-0.4652069999999995,0,continuation
2025-08,2025-09,2025-06,naive,0,16.829269,16.33667,0.49259899999999845,0,continuation
2025-09,2025-10,2025-07,naive,0,14.076949,13.5431,0.533849,0,continuation
2025-10,2025-11,2025-08,naive,0,10.403342,10.425468,-0.02212600000000009,0,continuation
2025-11,2025-12,2025-09,naive,0,12.163293,11.067517,1.095775999999999,0,continuation
2024-12,2025-01,2024-10,ar,0,15.011414,12.93755133999242,2.073862660007581,0,continuation
2025-01,2025-02,2024-11,ar,0,13.166461,11.810523161978828,1.3559378380211715,0,continuation
2025-02,2025-03,2024-12,ar,0,10.896871,12.03517368151242,-1.1383026815124193,0,continuation
2025-03,2025-04,2025-01,ar,0,10.52312,13.446618876912689,-2.9234988769126886,0,continuation
2025-04,2025-05,2025-02,ar,0,12.973863,12.794395360211572,0.1794676397884274,0,continuation
2025-05,2025-06,2025-03,ar,0,16.429447,11.991456374777012,4.437990625222987,0,continuation
2025-06,2025-07,2025-04,ar,0,18.974998,11.850635653486805,7.124362346513195,0,continuation
2025-07,2025-08,2025-05,ar,0,19.413077,12.713471852898664,6.699605147101337,0,continuation
2025-08,2025-09,2025-06,ar,0,16.829269,13.937005119894254,2.8922638801057463,0,continuation
2025-09,2025-10,2025-07,ar,0,14.076949,14.919443935836831,-0.8424949358368305,0,continuation
2025-10,2025-11,2025-08,ar,0,10.403342,15.176093822614794,-4.772751822614794,0,continuation
2025-11,2025-12,2025-09,ar,0,12.163293,14.214340230565547,-2.0510472305655476,0,continuation
