origin,target,latest_available,method,window,actual_million_mwh,forecast_million_mwh,error,fallback,phase
2019-12,2020-01,2019-10,naive,0,11.461891,12.710284,-1.248393,0,build
2020-01,2020-02,2019-11,naive,0,11.022836,10.978517,0.044318999999999775,0,build
2020-02,2020-03,2019-12,naive,0,10.123267,10.607233,-0.48396600000000056,0,build
2020-03,2020-04,2020-01,naive,0,9.844398400000001,8.7540258,1.0903726000000002,0,build
2020-04,2020-05,2020-02,naive,0,11.739799,10.893882,0.845917,0,build
2020-05,2020-06,2020-03,naive,0,15.309392,14.262684,1.0467080000000006,0,build
2020-06,2020-07,2020-04,naive,0,18.866998,17.095742,1.7712559999999975,0,build
2020-07,2020-08,2020-05,naive,0,18.83983,18.477631,0.3621990000000004,0,build
2020-08,2020-09,2020-06,naive,0,15.945939,17.124247,-1.1783080000000012,0,build
2020-09,2020-10,2020-07,naive,0,11.842657,13.807144,-1.9644869999999983,0,build
2020-10,2020-11,2020-08,naive,0,9.6319182,9.7931165,-0.16119830000000057,0,build
2020-11,2020-12,2020-09,naive,0,11.785893,10.976835,0.8090580000000003,0,build
2020-12,2021-01,2020-10,naive,0,13.395663,11.461891,1.9337720000000012,0,build
2021-01,2021-02,2020-11,naive,0,11.722645,11.022836,0.6998090000000001,0,build
2021-02,2021-03,2020-12,naive,0,12.105313,10.123267,1.9820460000000004,0,build
2021-03,2021-04,2021-01,naive,0,9.2255747,9.844398400000001,-0.6188237000000019,0,build
2021-04,2021-05,2021-02,naive,0,10.486281,11.739799,-1.2535179999999997,0,build
2021-05,2021-06,2021-03,naive,0,14.379217,15.309392,-0.9301750000000002,0,build
2021-06,2021-07,2021-04,naive,0,17.237468,18.866998,-1.629529999999999,0,build
2021-07,2021-08,2021-05,naive,0,18.079317,18.83983,-0.7605129999999996,0,build
2021-08,2021-09,2021-06,naive,0,16.581737,15.945939,0.6357980000000012,0,build
2021-09,2021-10,2021-07,naive,0,12.235322,11.842657,0.39266499999999915,0,build
2021-10,2021-11,2021-08,naive,0,9.3915697,9.6319182,-0.24034849999999963,0,build
2021-11,2021-12,2021-09,naive,0,10.235028,11.785893,-1.550865,0,build
2021-12,2022-01,2021-10,naive,0,13.22785,13.395663,-0.16781300000000066,0,build
2022-01,2022-02,2021-11,naive,0,13.162486,11.722645,1.4398409999999995,0,build
2022-02,2022-03,2021-12,naive,0,11.516688,12.105313,-0.5886250000000004,0,build
2022-03,2022-04,2022-01,naive,0,10.133091,9.2255747,0.907516300000001,0,build
2022-04,2022-05,2022-02,naive,0,13.439906,10.486281,2.9536250000000006,0,build
2022-05,2022-06,2022-03,naive,0,17.653237,14.379217,3.27402,0,build
2022-06,2022-07,2022-04,naive,0,20.742408,17.237468,3.5049400000000013,0,build
2022-07,2022-08,2022-05,naive,0,19.798831,18.079317,1.7195140000000002,0,build
2022-08,2022-09,2022-06,naive,0,15.999692,16.581737,-0.5820450000000008,0,build
2022-09,2022-10,2022-07,naive,0,12.038373,12.235322,-0.19694900000000004,0,build
2022-10,2022-11,2022-08,naive,0,10.252125,9.3915697,0.8605552999999997,0,build
2022-11,2022-12,2022-09,naive,0,12.631773,10.235028,2.396745000000001,0,build
2019-12,2020-01,2019-10,ar,0,11.461891,12.644995116333714,-1.1831041163337144,0,build
2020-01,2020-02,2019-11,ar,0,11.022836,11.339737235625831,-0.3169012356258314,0,build
2020-02,2020-03,2019-12,ar,0,10.123267,11.712122512234595,-1.5888555122345949,0,build
2020-03,2020-04,2020-01,ar,0,9.844398400000001,11.862691795408248,-2.0182933954082465,0,build
2020-04,2020-05,2020-02,ar,0,11.739799,11.717278768345276,0.022520231654723943,0,build
2020-05,2020-06,2020-03,ar,0,15.309392,11.417994269505765,3.8913977304942353,0,build
2020-06,2020-07,2020-04,ar,0,18.866998,11.312167817293659,7.55483018270634,0,build
2020-07,2020-08,2020-05,ar,0,18.83983,11.919923314690799,6.919906685309201,0,build
2020-08,2020-09,2020-06,ar,0,15.945939,13.06668234113799,2.8792566588620083,0,build
2020-09,2020-10,2020-07,ar,0,11.842657,14.357656115441003,-2.514999115441002,0,build
2020-10,2020-11,2020-08,ar,0,9.6319182,14.50260369519285,-4.87068549519285,0,build
2020-11,2020-12,2020-09,ar,0,11.785893,13.472463976758998,-1.6865709767589987,0,build
2020-12,2021-01,2020-10,ar,0,13.395663,12.0591185279993,1.3365444720007016,0,build
2021-01,2021-02,2020-11,ar,0,11.722645,11.310233084019316,0.41241191598068383,0,build
2021-02,2021-03,2020-12,ar,0,12.105313,12.02648164798005,0.07883135201995017,0,build
2021-03,2021-04,2021-01,ar,0,9.2255747,12.560712571761536,-3.335137871761537,0,build
2021-04,2021-05,2021-02,ar,0,10.486281,12.011206314664248,-1.524925314664248,0,build
2021-05,2021-06,2021-03,ar,0,14.379217,12.135643573398326,2.2435734266016745,0,build
2021-06,2021-07,2021-04,ar,0,17.237468,11.182874440514311,6.054593559485689,0,build
2021-07,2021-08,2021-05,ar,0,18.079317,11.587297143345685,6.492019856654315,0,build
2021-08,2021-09,2021-06,ar,0,16.581737,12.847354413420437,3.7343825865795637,0,build
2021-09,2021-10,2021-07,ar,0,12.235322,13.827059020360402,-1.5917370203604015,0,build
2021-10,2021-11,2021-08,ar,0,9.3915697,14.212796149897068,-4.821226449897068,0,build
2021-11,2021-12,2021-09,ar,0,10.235028,13.7309169456279,-3.4958889456279003,0,build
2021-12,2022-01,2021-10,ar,0,13.22785,12.241809834519508,0.9860401654804924,0,build
2022-01,2022-02,2021-11,ar,0,13.162486,11.29461070720412,1.8678752927958797,0,build
2022-02,2022-03,2021-12,ar,0,11.516688,11.561876122643774,-0.04518812264377381,0,build
2022-03,2022-04,2022-01,ar,0,10.133091,12.54425742951077,-2.4111664295107698,0,build
2022-04,2022-05,2022-02,ar,0,13.439906,12.527785211452134,0.9121207885478668,0,build
2022-05,2022-06,2022-03,ar,0,17.653237,11.993278561017048,5.659958438982953,0,build
2022-06,2022-07,2022-04,ar,0,20.742408,11.535561109557017,9.206846890442984,0,build
2022-07,2022-08,2022-05,ar,0,19.798831,12.60282571721672,7.196005282783279,0,build
2022-08,2022-09,2022-06,ar,0,15.999692,13.995736077011683,2.0039559229883164,0,build
2022-09,2022-10,2022-07,ar,0,12.038373,15.262930288640458,-3.224557288640458,0,build
2022-10,2022-11,2022-08,ar,0,10.252125,15.067188125942057,-4.815063125942057,0,build
2022-11,2022-12,2022-09,ar,0,12.631773,13.653940464283547,-1.0221674642835463,0,build
2022-12,2023-01,2022-10,ar,0,12.993366,12.26314840998758,0.7302175900124208,0,audit
2023-01,2023-02,2022-11,ar,0,11.690349,11.64285271088174,0.04749628911825887,0,audit
2023-02,2023-03,2022-12,ar,0,10.512638,12.456903982573493,-1.9442659825734925,0,audit
2023-03,2023-04,2023-01,ar,0,9.5798956,12.581954345245052,-3.0020587452450513,0,audit
2023-04,2023-05,2023-02,ar,0,11.490172,12.138650582195464,-0.6484785821954642,0,audit
2023-05,2023-06,2023-03,ar,0,15.989221,11.731487970609182,4.257733029390819,0,audit
2023-06,2023-07,2023-04,ar,0,20.557605,11.396712215355844,9.160892784644155,0,audit
2023-07,2023-08,2023-05,ar,0,22.481421,12.047390131602079,10.434030868397922,0,audit
2023-08,2023-09,2023-06,ar,0,18.996593,13.571549553504601,5.425043446495399,0,audit
2023-09,2023-10,2023-07,ar,0,13.099635,15.294800729001473,-2.1951657290014737,0,audit
2023-10,2023-11,2023-08,ar,0,10.148357,16.35658070730799,-6.20822370730799,0,audit
2023-11,2023-12,2023-09,ar,0,11.071623,14.98177799089178,-3.9101549908917796,0,audit
2023-12,2024-01,2023-10,ar,0,14.427079,12.722532679696165,1.7045463203038356,0,audit
2024-01,2024-02,2023-11,ar,0,11.40446,11.661067166293707,-0.2566071662937066,0,audit
2024-02,2024-03,2023-12,ar,0,9.450324,11.985156265254773,-2.5348322652547726,0,audit
2024-03,2024-04,2024-01,ar,0,9.7546829,13.179260999098936,-3.4245780990989356,0,audit
2024-04,2024-05,2024-02,ar,0,12.784104,12.115394745830276,0.6687092541697233,0,audit
2024-05,2024-06,2024-03,ar,0,17.114451,11.417167415395099,5.6972835846049,0,audit
2024-06,2024-07,2024-04,ar,0,18.865604,11.509203782037682,7.356400217962319,0,audit
2024-07,2024-08,2024-05,ar,0,19.878284,12.573929362244042,7.304354637755958,0,audit
2024-08,2024-09,2024-06,ar,0,16.33667,14.096882144970289,2.2397878550297126,0,audit
2024-09,2024-10,2024-07,ar,0,13.5431,14.805621892805915,-1.262521892805914,0,audit
2024-10,2024-11,2024-08,ar,0,10.425468,15.30700447732768,-4.88153647732768,0,audit
2024-11,2024-12,2024-09,ar,0,11.067517,13.960475385275545,-2.892958385275545,0,audit
2022-12,2023-01,2022-10,calendar,60,12.993366,13.080555177743946,-0.08718917774394619,0,repair-selection
2023-01,2023-02,2022-11,calendar,60,11.690349,12.822813430374334,-1.132464430374334,0,repair-selection
2023-02,2023-03,2022-12,calendar,60,10.512638,11.219167646345735,-0.706529646345734,0,repair-selection
2023-03,2023-04,2023-01,calendar,60,9.5798956,10.50370843785655,-0.9238128378565502,0,repair-selection
2023-04,2023-05,2023-02,calendar,60,11.490172,12.164724297519506,-0.6745522975195062,0,repair-selection
2023-05,2023-06,2023-03,calendar,60,15.989221,16.008055708135057,-0.01883470813505639,0,repair-selection
2023-06,2023-07,2023-04,calendar,60,20.557605,19.260098874627065,1.2975061253729336,0,repair-selection
2023-07,2023-08,2023-05,calendar,60,22.481421,19.46460285078983,3.01681814921017,0,repair-selection
2023-08,2023-09,2023-06,calendar,60,18.996593,16.63408241892912,2.3625105810708824,0,repair-selection
2023-09,2023-10,2023-07,calendar,60,13.099635,13.01923009881081,0.08040490118918875,0,repair-selection
2023-10,2023-11,2023-08,calendar,60,10.148357,11.48892226444977,-1.3405652644497685,0,repair-selection
2023-11,2023-12,2023-09,calendar,60,11.071623,12.253804607485675,-1.1821816074856741,0,repair-selection
2023-12,2024-01,2023-10,calendar,60,14.427079,13.42204863591282,1.0050303640871814,0,repair-selection
2024-01,2024-02,2023-11,calendar,60,11.40446,13.206165073701596,-1.801705073701596,0,repair-selection
2024-02,2024-03,2023-12,calendar,60,9.450324,11.664505221657272,-2.214181221657272,0,repair-selection
2024-03,2024-04,2024-01,calendar,60,9.7546829,10.941617453754656,-1.1869345537546554,0,repair-selection
2024-04,2024-05,2024-02,calendar,60,12.784104,12.245286107834511,0.538817892165488,0,repair-selection
2024-05,2024-06,2024-03,calendar,60,17.114451,16.241051062272305,0.8733999377276938,0,repair-selection
2024-06,2024-07,2024-04,calendar,60,18.865604,20.01902495589325,-1.1534209558932496,0,repair-selection
2024-07,2024-08,2024-05,calendar,60,19.878284,20.548723862002024,-0.6704398620020235,0,repair-selection
2024-08,2024-09,2024-06,calendar,60,16.33667,17.413636163891677,-1.0769661638916759,0,repair-selection
2024-09,2024-10,2024-07,calendar,60,13.5431,13.092391491498615,0.45070850850138555,0,repair-selection
2024-10,2024-11,2024-08,calendar,60,10.425468,11.109830129544708,-0.6843621295447075,0,repair-selection
2024-11,2024-12,2024-09,calendar,60,11.067517,11.816098465320048,-0.7485814653200471,0,repair-selection
2022-12,2023-01,2022-10,calendar,120,12.993366,13.277085666584322,-0.2837196665843216,0,repair-selection
2023-01,2023-02,2022-11,calendar,120,11.690349,12.996050459445534,-1.305701459445535,0,repair-selection
2023-02,2023-03,2022-12,calendar,120,10.512638,11.32922558813669,-0.8165875881366897,0,repair-selection
2023-03,2023-04,2023-01,calendar,120,9.5798956,10.290961637388923,-0.7110660373889228,0,repair-selection
2023-04,2023-05,2023-02,calendar,120,11.490172,11.760192958765831,-0.27002095876583176,0,repair-selection
2023-05,2023-06,2023-03,calendar,120,15.989221,15.543935255124964,0.44528574487503647,0,repair-selection
2023-06,2023-07,2023-04,calendar,120,20.557605,18.870740995528383,1.6868640044716159,0,repair-selection
2023-07,2023-08,2023-05,calendar,120,22.481421,19.163037818555956,3.3183831814440445,0,repair-selection
2023-08,2023-09,2023-06,calendar,120,18.996593,16.376936090751915,2.6196569092480857,0,repair-selection
2023-09,2023-10,2023-07,calendar,120,13.099635,12.916786370653124,0.18284862934687496,0,repair-selection
2023-10,2023-11,2023-08,calendar,120,10.148357,11.507290710971898,-1.3589337109718969,0,repair-selection
2023-11,2023-12,2023-09,calendar,120,11.071623,12.415429799254769,-1.343806799254768,0,repair-selection
2023-12,2024-01,2023-10,calendar,120,14.427079,13.613018848835202,0.8140601511647994,0,repair-selection
2024-01,2024-02,2023-11,calendar,120,11.40446,13.24413347437265,-1.839673474372649,0,repair-selection
2024-02,2024-03,2023-12,calendar,120,9.450324,11.546153317871285,-2.095829317871285,0,repair-selection
2024-03,2024-04,2024-01,calendar,120,9.7546829,10.64269812774427,-0.888015227744269,0,repair-selection
2024-04,2024-05,2024-02,calendar,120,12.784104,12.145503547872007,0.6386004521279922,0,repair-selection
2024-05,2024-06,2024-03,calendar,120,17.114451,16.03734937309423,1.077101626905769,0,repair-selection
2024-06,2024-07,2024-04,calendar,120,18.865604,19.5615883404862,-0.6959843404861985,0,repair-selection
2024-07,2024-08,2024-05,calendar,120,19.878284,19.952688120475916,-0.07440412047591494,0,repair-selection
2024-08,2024-09,2024-06,calendar,120,16.33667,17.041301926325218,-0.7046319263252165,0,repair-selection
2024-09,2024-10,2024-07,calendar,120,13.5431,13.241019467497987,0.30208053250201417,0,repair-selection
2024-10,2024-11,2024-08,calendar,120,10.425468,11.500777188348604,-1.0753091883486032,0,repair-selection
2024-11,2024-12,2024-09,calendar,120,11.067517,12.21568815141534,-1.1481711514153403,0,repair-selection
2022-12,2023-01,2022-10,calendar,0,12.993366,13.075421634593676,-0.08205563459367582,0,repair-selection
2023-01,2023-02,2022-11,calendar,0,11.690349,12.814030264621,-1.1236812646210002,0,repair-selection
2023-02,2023-03,2022-12,calendar,0,10.512638,11.138880981649693,-0.6262429816496926,0,repair-selection
2023-03,2023-04,2023-01,calendar,0,9.5798956,10.060074025366152,-0.48017842536615163,0,repair-selection
2023-04,2023-05,2023-02,calendar,0,11.490172,11.631870564297191,-0.14169856429719196,0,repair-selection
2023-05,2023-06,2023-03,calendar,0,15.989221,15.467537902599506,0.5216830974004942,0,repair-selection
2023-06,2023-07,2023-04,calendar,0,20.557605,18.757104306169314,1.800500693830685,0,repair-selection
2023-07,2023-08,2023-05,calendar,0,22.481421,18.963103564015313,3.518317435984688,0,repair-selection
2023-08,2023-09,2023-06,calendar,0,18.996593,16.0800137081807,2.9165792918193,0,repair-selection
2023-09,2023-10,2023-07,calendar,0,13.099635,12.619051032544348,0.4805839674556509,0,repair-selection
2023-10,2023-11,2023-08,calendar,0,10.148357,11.239284222462949,-1.0909272224629483,0,repair-selection
2023-11,2023-12,2023-09,calendar,0,11.071623,12.16977788858856,-1.0981548885885601,0,repair-selection
2023-12,2024-01,2023-10,calendar,0,14.427079,13.392483871946212,1.0345951280537893,0,repair-selection
2024-01,2024-02,2023-11,calendar,0,11.40446,13.066583848553913,-1.6621238485539127,0,repair-selection
2024-02,2024-03,2023-12,calendar,0,9.450324,11.300671580533795,-1.8503475805337946,0,repair-selection
2024-03,2024-04,2024-01,calendar,0,9.7546829,10.340596500311174,-0.5859136003111729,0,repair-selection
2024-04,2024-05,2024-02,calendar,0,12.784104,11.834068468198684,0.9500355318013156,0,repair-selection
2024-05,2024-06,2024-03,calendar,0,17.114451,15.717368371229274,1.3970826287707254,0,repair-selection
2024-06,2024-07,2024-04,calendar,0,18.865604,19.182585229722136,-0.3169812297221348,0,repair-selection
2024-07,2024-08,2024-05,calendar,0,19.878284,19.494922274655607,0.3833617253443933,0,repair-selection
2024-08,2024-09,2024-06,calendar,0,16.33667,16.563690022307824,-0.2270200223078227,0,repair-selection
2024-09,2024-10,2024-07,calendar,0,13.5431,12.865421340471519,0.6776786595284818,0,repair-selection
2024-10,2024-11,2024-08,calendar,0,10.425468,11.329073251743566,-0.9036052517435653,0,repair-selection
2024-11,2024-12,2024-09,calendar,0,11.067517,12.153829398644055,-1.0863123986440542,0,repair-selection
2022-12,2023-01,2022-10,weather,60,12.993366,12.756617550768661,0.23674844923133875,0,repair-selection
2023-01,2023-02,2022-11,weather,60,11.690349,11.804043789376287,-0.11369478937628763,0,repair-selection
2023-02,2023-03,2022-12,weather,60,10.512638,10.098359379180526,0.4142786208194753,0,repair-selection
2023-03,2023-04,2023-01,weather,60,9.5798956,9.892482191960879,-0.3125865919608781,0,repair-selection
2023-04,2023-05,2023-02,weather,60,11.490172,13.81734381508538,-2.3271718150853804,0,repair-selection
2023-05,2023-06,2023-03,weather,60,15.989221,16.865975638259414,-0.8767546382594134,0,repair-selection
2023-06,2023-07,2023-04,weather,60,20.557605,18.398686521419872,2.1589184785801265,0,repair-selection
2023-07,2023-08,2023-05,weather,60,22.481421,18.530374024443308,3.951046975556693,0,repair-selection
2023-08,2023-09,2023-06,weather,60,18.996593,16.229509017408656,2.7670839825913447,0,repair-selection
2023-09,2023-10,2023-07,weather,60,13.099635,11.73479153959058,1.3648434604094195,0,repair-selection
2023-10,2023-11,2023-08,weather,60,10.148357,12.137426460688765,-1.9890694606887642,0,repair-selection
2023-11,2023-12,2023-09,weather,60,11.071623,12.629196191988136,-1.5575731919881353,0,repair-selection
2023-12,2024-01,2023-10,weather,60,14.427079,12.712714211035559,1.714364788964442,0,repair-selection
2024-01,2024-02,2023-11,weather,60,11.40446,11.921971901310798,-0.5175119013107974,0,repair-selection
2024-02,2024-03,2023-12,weather,60,9.450324,10.352608887845784,-0.9022848878457843,0,repair-selection
2024-03,2024-04,2024-01,weather,60,9.7546829,9.742804911834265,0.011877988165736042,0,repair-selection
2024-04,2024-05,2024-02,weather,60,12.784104,13.466071105017198,-0.6819671050171987,0,repair-selection
2024-05,2024-06,2024-03,weather,60,17.114451,16.879451727979642,0.23499927202035664,0,repair-selection
2024-06,2024-07,2024-04,weather,60,18.865604,18.75995773187694,0.10564626812305988,0,repair-selection
2024-07,2024-08,2024-05,weather,60,19.878284,19.24115023347739,0.6371337665226093,0,repair-selection
2024-08,2024-09,2024-06,weather,60,16.33667,16.914474828236774,-0.577804828236772,0,repair-selection
2024-09,2024-10,2024-07,weather,60,13.5431,11.87602249205381,1.6670775079461908,0,repair-selection
2024-10,2024-11,2024-08,weather,60,10.425468,11.926832994405324,-1.5013649944053231,0,repair-selection
2024-11,2024-12,2024-09,weather,60,11.067517,12.323176848695786,-1.2556598486957853,0,repair-selection
2022-12,2023-01,2022-10,weather,120,12.993366,13.011624599197933,-0.01825859919793338,0,repair-selection
2023-01,2023-02,2022-11,weather,120,11.690349,12.002872250138306,-0.31252325013830706,0,repair-selection
2023-02,2023-03,2022-12,weather,120,10.512638,10.446616901725488,0.06602109827451308,0,repair-selection
2023-03,2023-04,2023-01,weather,120,9.5798956,9.819493315072151,-0.23959771507215066,0,repair-selection
2023-04,2023-05,2023-02,weather,120,11.490172,12.981045209668324,-1.4908732096683242,0,repair-selection
2023-05,2023-06,2023-03,weather,120,15.989221,16.51970477760076,-0.5304837776007609,0,repair-selection
2023-06,2023-07,2023-04,weather,120,20.557605,18.04127904747056,2.5163259525294386,0,repair-selection
2023-07,2023-08,2023-05,weather,120,22.481421,18.207984684542836,4.273436315457165,0,repair-selection
2023-08,2023-09,2023-06,weather,120,18.996593,16.212489855373562,2.784103144626439,0,repair-selection
2023-09,2023-10,2023-07,weather,120,13.099635,12.077252322189274,1.0223826778107252,0,repair-selection
2023-10,2023-11,2023-08,weather,120,10.148357,12.249182731924654,-2.100825731924653,0,repair-selection
2023-11,2023-12,2023-09,weather,120,11.071623,13.031843608493798,-1.9602206084937972,0,repair-selection
2023-12,2024-01,2023-10,weather,120,14.427079,13.172395989495657,1.254683010504344,0,repair-selection
2024-01,2024-02,2023-11,weather,120,11.40446,12.205918974046645,-0.8014589740466445,0,repair-selection
2024-02,2024-03,2023-12,weather,120,9.450324,10.536642548436943,-1.0863185484369424,0,repair-selection
2024-03,2024-04,2024-01,weather,120,9.7546829,9.886412292217072,-0.13172939221707125,0,repair-selection
2024-04,2024-05,2024-02,weather,120,12.784104,13.258053565899074,-0.47394956589907444,0,repair-selection
2024-05,2024-06,2024-03,weather,120,17.114451,16.837335814221934,0.27711518577806515,0,repair-selection
2024-06,2024-07,2024-04,weather,120,18.865604,18.59501405520438,0.2705899447956206,0,repair-selection
2024-07,2024-08,2024-05,weather,120,19.878284,18.73981344392065,1.1384705560793513,0,repair-selection
2024-08,2024-09,2024-06,weather,120,16.33667,16.678190526633056,-0.34152052663305454,0,repair-selection
2024-09,2024-10,2024-07,weather,120,13.5431,12.299166890344619,1.2439331096553818,0,repair-selection
2024-10,2024-11,2024-08,weather,120,10.425468,12.250688267722694,-1.8252202677226936,0,repair-selection
2024-11,2024-12,2024-09,weather,120,11.067517,12.917631326081613,-1.8501143260816129,0,repair-selection
2022-12,2023-01,2022-10,weather,0,12.993366,13.001920980254186,-0.008554980254185551,0,repair-selection
2023-01,2023-02,2022-11,weather,0,11.690349,12.071003804481334,-0.3806548044813347,0,repair-selection
2023-02,2023-03,2022-12,weather,0,10.512638,10.371285145461703,0.14135285453829738,0,repair-selection
2023-03,2023-04,2023-01,weather,0,9.5798956,9.97088417759038,-0.3909885775903792,0,repair-selection
2023-04,2023-05,2023-02,weather,0,11.490172,12.999554320824315,-1.5093823208243151,0,repair-selection
2023-05,2023-06,2023-03,weather,0,15.989221,16.679566222964056,-0.690345222964055,0,repair-selection
2023-06,2023-07,2023-04,weather,0,20.557605,17.950809923345496,2.606795076654503,0,repair-selection
2023-07,2023-08,2023-05,weather,0,22.481421,18.358937686554462,4.122483313445539,0,repair-selection
2023-08,2023-09,2023-06,weather,0,18.996593,16.120262727210537,2.8763302727894633,0,repair-selection
2023-09,2023-10,2023-07,weather,0,13.099635,11.931282577472633,1.1683524225273665,0,repair-selection
2023-10,2023-11,2023-08,weather,0,10.148357,12.23205481515467,-2.08369781515467,0,repair-selection
2023-11,2023-12,2023-09,weather,0,11.071623,13.09595275819109,-2.02432975819109,0,repair-selection
2023-12,2024-01,2023-10,weather,0,14.427079,13.168755289640009,1.258323710359992,0,repair-selection
2024-01,2024-02,2023-11,weather,0,11.40446,12.267369789096012,-0.8629097890960118,0,repair-selection
2024-02,2024-03,2023-12,weather,0,9.450324,10.534712549263926,-1.0843885492639256,0,repair-selection
2024-03,2024-04,2024-01,weather,0,9.7546829,10.039156323430733,-0.28447342343073245,0,repair-selection
2024-04,2024-05,2024-02,weather,0,12.784104,13.160203685267138,-0.376099685267139,0,repair-selection
2024-05,2024-06,2024-03,weather,0,17.114451,16.918677388462882,0.19577361153711692,0,repair-selection
2024-06,2024-07,2024-04,weather,0,18.865604,18.25449530273152,0.6111086972684809,0,repair-selection
2024-07,2024-08,2024-05,weather,0,19.878284,18.733079993913897,1.1452040060861037,0,repair-selection
2024-08,2024-09,2024-06,weather,0,16.33667,16.47675416094114,-0.1400841609411394,0,repair-selection
2024-09,2024-10,2024-07,weather,0,13.5431,12.07306752259344,1.4700324774065603,0,repair-selection
2024-10,2024-11,2024-08,weather,0,10.425468,12.320911216380136,-1.8954432163801354,0,repair-selection
2024-11,2024-12,2024-09,weather,0,11.067517,13.151872235026138,-2.0843552350261376,0,repair-selection
2024-12,2025-01,2024-10,calendar,60,15.011414,13.4098472849597,1.6015667150403008,0,continuation
2025-01,2025-02,2024-11,calendar,60,13.166461,13.069451508584764,0.09700949141523552,0,continuation
2025-02,2025-03,2024-12,calendar,60,10.896871,11.364484833888897,-0.46761383388889577,0,continuation
2025-03,2025-04,2025-01,calendar,60,10.52312,10.661443551140124,-0.1383235511401235,0,continuation
2025-04,2025-05,2025-02,calendar,60,12.973863,12.426035253952424,0.5478277460475756,0,continuation
2025-05,2025-06,2025-03,calendar,60,16.429447,16.679828848584588,-0.25038184858458834,0,continuation
2025-06,2025-07,2025-04,calendar,60,18.974998,20.42927731148725,-1.4542793114872516,0,continuation
2025-07,2025-08,2025-05,calendar,60,19.413077,20.671324882908536,-1.2582478829085346,0,continuation
2025-08,2025-09,2025-06,calendar,60,16.829269,17.206768645638487,-0.3774996456384869,0,continuation
2025-09,2025-10,2025-07,calendar,60,14.076949,12.979489383772973,1.0974596162270274,0,continuation
2025-10,2025-11,2025-08,calendar,60,10.403342,11.104958376280035,-0.7016163762800343,0,continuation
2025-11,2025-12,2025-09,calendar,60,12.163293,12.044382407408525,0.11891059259147418,0,continuation
2024-12,2025-01,2024-10,naive,0,15.011414,14.427079,0.5843349999999994,0,continuation
2025-01,2025-02,2024-11,naive,0,13.166461,11.40446,1.7620009999999997,0,continuation
2025-02,2025-03,2024-12,naive,0,10.896871,9.450324,1.4465470000000007,0,continuation
2025-03,2025-04,2025-01,naive,0,10.52312,9.7546829,0.7684370999999999,0,continuation
2025-04,2025-05,2025-02,naive,0,12.973863,12.784104,0.18975900000000046,0,continuation
2025-05,2025-06,2025-03,naive,0,16.429447,17.114451,-0.6850039999999993,0,continuation
2025-06,2025-07,2025-04,naive,0,18.974998,18.865604,0.10939399999999821,0,continuation
2025-07,2025-08,2025-05,naive,0,19.413077,19.878284,-0.4652069999999995,0,continuation
2025-08,2025-09,2025-06,naive,0,16.829269,16.33667,0.49259899999999845,0,continuation
2025-09,2025-10,2025-07,naive,0,14.076949,13.5431,0.533849,0,continuation
2025-10,2025-11,2025-08,naive,0,10.403342,10.425468,-0.02212600000000009,0,continuation
2025-11,2025-12,2025-09,naive,0,12.163293,11.067517,1.095775999999999,0,continuation
2024-12,2025-01,2024-10,ar,0,15.011414,12.937551339992437,2.0738626600075634,0,continuation
2025-01,2025-02,2024-11,ar,0,13.166461,11.810523161978825,1.355937838021175,0,continuation
2025-02,2025-03,2024-12,ar,0,10.896871,12.035173681512434,-1.1383026815124335,0,continuation
2025-03,2025-04,2025-01,ar,0,10.52312,13.446618876912689,-2.9234988769126886,0,continuation
2025-04,2025-05,2025-02,ar,0,12.973863,12.794395360211578,0.17946763978842206,0,continuation
2025-05,2025-06,2025-03,ar,0,16.429447,11.991456374777018,4.437990625222982,0,continuation
2025-06,2025-07,2025-04,ar,0,18.974998,11.850635653486798,7.124362346513202,0,continuation
2025-07,2025-08,2025-05,ar,0,19.413077,12.713471852898675,6.699605147101327,0,continuation
2025-08,2025-09,2025-06,ar,0,16.829269,13.937005119894257,2.8922638801057428,0,continuation
2025-09,2025-10,2025-07,ar,0,14.076949,14.919443935836831,-0.8424949358368305,0,continuation
2025-10,2025-11,2025-08,ar,0,10.403342,15.176093822614792,-4.772751822614792,0,continuation
2025-11,2025-12,2025-09,ar,0,12.163293,14.21434023056554,-2.0510472305655405,0,continuation
