metric,value
01_weighted_temperature,60
01_degree_days_before_aggregation,12.5
01_degree_days_after_aggregation,5
01_naive_rmse,0.94414652732872251
01_latest_available_period,6
02_population_mean,1.9999999999999996
02_population_variance,1.9607843137254901
02_sample_mean,1.842892448223818
02_sample_variance,2.194366115980368
02_forecast_h4,1.9823291642258267
02_variance_h4,1.8477489999999999
02_aggregated_fitted_phi,0.57595507221986331
03_conditional_phi,0.59999999999999998
03_conditional_theta,0.40000000000000002
03_sample_acf1,0.76774829693718116
03_theoretical_ma1_acf,0.34482758620689652
03_invertible_ma_equivalent,-5.5511151231257827e-17
03_innovation_mse,0.93931641585524051
03_sample_pacf1,0.76874120378955635
03_sample_pacf2,-0.27169038278001267
03_arma_forecast_h3,0.24036979968490754
04_ar_rmse_h4,1.5299832095307793
04_naive_rmse_h4,1.7600150342367866
04_known_parameter_variance,2.3117440000000005
04_known_parameter_interval_coverage,0.93670886075949367
04_loss_difference,-0.75680429929341242
04_asymmetric_optimal_quantile,0.75
04_forecast_error_ljung_box8,224.01806700789814
05_one_sided_future_sensitivity,0
05_centered_future_sensitivity,40
05_raw_signal_rmse,1.0029839652668193
05_one_sided_signal_rmse,0.93090214121134418
05_noise_variance,1.005436043563356
06_spurious_level_r2,0.00133249015028436
06_differenced_r2,0.0035326131131452332
06_df_statistic,-1.9893179320693757
06_adf_statistic_lag2,-2.2733414137022279
06_df_adf_zero_lag_error,0
06_arima010_drift_forecast_h3,-2.5895833780098494
06_df_rejection_n80,0.070000000000000007
06_df_mcse_n80,0.018041618552668719
06_df_rejection_n240,0.035000000000000003
06_df_mcse_n240,0.012995191418367026
06_df_rejection_n720,0.035000000000000003
06_df_mcse_n720,0.012995191418367026
06_random_walk_h12_variance,12
07_ols_heating,0.79939045115871454
07_gls_heating,0.78098491069043896
07_gls_cooling,1.2417492697371086
07_estimated_error_phi,0.62003600132577008
07_gls_innovation_acf1,-0.024513233721996087
07_hot_scenario_level,116.64918971628704
07_cold_scenario_level,109.737724330587
08_filter_rmse,0.56187582532679214
08_smoother_rmse,0.49647050751445077
08_missing_filtered_variance,0.44801590432112587
08_previous_filtered_variance,0.30939985050175911
08_filter_future_sensitivity,0
08_smoother_future_sensitivity,3.0678393826669152
08_minimum_smoothing_variance,0.24850108898385825
08_gaussian_log_likelihood,-589.95180461854545
09_estimated_a12,0.089005295374510671
09_estimated_a21,0.10265852872657011
09_spectral_radius,0.7001123903713341
09_network_forecast_first,-0.31535015850546466
09_var_forecast_first,-0.31266518531564347
09_residual_covariance12,0.72536934763141958
09_forecast_covariance_h4_trace,3.5658870970664731
09_forecast_sum_variance_h4,6.1337771661069729
10_first_order_impact21,0.73957009444817023
10_reverse_order_impact21,0
10_covariance_reconstruction_error,2.2204460492503131e-16
10_rotated_impact21,1.0405604418732224
10_response_h4,0.11553335138916335
11_cointegrating_beta,1.5028072015795251
11_error_correction_alpha,-0.50604523890067321
11_short_run_dx,1.5262151615480894
11_spread_variance,0.22209385647699259
11_ecm_innovation_acf1,0.0097509024758197609
11_spread_ar_phi,0.49114049602100829
11_ecm_forecast_change,0.077900728579306022
12_omega_grid,0.20000000000000001
12_alpha_grid,0.10000000000000001
12_beta_grid,0.69999999999999996
12_qll_objective,0.91651354837342347
12_squared_return_acf1,0.15055711267165717
12_squared_standardized_acf1,0.012474204804787656
12_conditional_q05,-1.764238505760048
12_variance_forecast_h5,1.0616159992118168
12_unconditional_variance,1.0000000000000002
12_unit_scaling_error,8.8817841970012523e-16
12_invalid_parameter_rejected,1
13_expanding_rmse,1.4297674031269958
13_rolling_rmse,1.0546022543355524
13_paired_mean_loss_difference,-0.93204891219488373
13_block_standard_error,0.20170950595387921
13_hac_standard_error,0.20419393596075874
13_early_fitted_phi,0.77601220732257303
13_late_fitted_phi,-0.37211316234372149
14_validation_selected_window,160
14_continuation_rmse,1.0220891419487517
14_continuation_naive_rmse,1.0390179544998599
14_validation_rmse,0.85889818927847661
14_continuation_observations,80
14_future_targets_excluded,1
15_forecast_original_units,8.365640437917726
15_forecast_rescaled_error,1.4210854715202004e-14
15_future_mutation_forecast_error,0
15_random_walk_error_variance_h1,1
15_random_walk_error_variance_h12,12
15_ar_zero_error_variance_h12,1
15_rank_failure_detected,1
