state,x_mwh,z1,z2,epsilon_dollars,weight
1,8,-1,-1,-20,1
2,8,-1,-1,20,1
3,8,-1,0,-20,1
4,8,-1,0,20,1
5,8,-1,1,-20,1
6,8,-1,1,20,1
7,8,0,-1,-20,1
8,8,0,-1,20,1
9,8,0,0,-20,1
10,8,0,0,20,1
11,8,0,1,-20,1
12,8,0,1,20,1
13,8,1,-1,-20,1
14,8,1,-1,20,1
15,8,1,0,-20,1
16,8,1,0,20,1
17,8,1,1,-20,1
18,8,1,1,20,1
19,12,-1,-1,-20,1
20,12,-1,-1,20,1
21,12,-1,0,-20,1
22,12,-1,0,20,1
23,12,-1,1,-20,1
24,12,-1,1,20,1
25,12,0,-1,-20,1
26,12,0,-1,20,1
27,12,0,0,-20,1
28,12,0,0,20,1
29,12,0,1,-20,1
30,12,0,1,20,1
31,12,1,-1,-20,1
32,12,1,-1,20,1
33,12,1,0,-20,1
34,12,1,0,20,1
35,12,1,1,-20,1
36,12,1,1,20,1
